{"money": 44.329375000001754, "multiplier": 9, "auto_income": 1.5, "total_clicks": 237, "afk_upgrade_cost": 29.296875, "multiplier_upgrade_cost": 256.2890625, "highest_money": 372.7930000000017, "current_grass_index": 0}